Mặt hàng 1,162297,1
Mặt hàng 1,162297,3
Mặt hàng 1,162297,4
Mặt hàng 1,162297,2
Mặt hàng 1,162297,1
Mặt hàng 1,162297,1
Mặt hàng 1,162297,1
Mặt hàng 1,162297,1
Mặt hàng 1,162297,1
Mặt hàng 2,142089,1
Mặt hàng 2,142089,3
Mặt hàng 2,142089,1
Mặt hàng 2,142089,1
Mặt hàng 2,142089,2
Mặt hàng 2,142089,1
Mặt hàng 3,139102,1
Mặt hàng 3,139102,4
Mặt hàng 3,139102,2
Mặt hàng 3,139102,1
Mặt hàng 3,139102,6
Mặt hàng 3,139102,2
Mặt hàng 3,139102,1
Mặt hàng 3,139102,3
Mặt hàng 3,139102,2
Mặt hàng 3,139102,1
Mặt hàng 3,139102,1
Mặt hàng 3,139102,1
Mặt hàng 3,139102,3
Mặt hàng 3,139102,2
Mặt hàng 4,164397,3
Mặt hàng 4,164397,2
Mặt hàng 4,164397,6
Mặt hàng 4,164397,1
Mặt hàng 4,164397,1
Mặt hàng 4,164397,3
Mặt hàng 4,164397,3
Mặt hàng 4,164397,5
Mặt hàng 4,164397,2
Mặt hàng 5,115924,3
Mặt hàng 5,115924,2
Mặt hàng 5,115924,1
Mặt hàng 5,115924,2
Mặt hàng 5,115924,1
Mặt hàng 5,115924,3
Mặt hàng 5,115924,5
Mặt hàng 5,115924,1
Mặt hàng 5,115924,1
Mặt hàng 5,115924,1
Mặt hàng 5,115924,1
Mặt hàng 5,115924,1
Mặt hàng 5,115924,5
Mặt hàng 5,115924,1
Mặt hàng 5,115924,3
Mặt hàng 6,112831,4
Mặt hàng 6,112831,2
Mặt hàng 6,112831,5
Mặt hàng 6,112831,2
Mặt hàng 6,112831,4
Mặt hàng 6,112831,2
Mặt hàng 6,112831,3
Mặt hàng 7,164542,3
Mặt hàng 7,164542,1
Mặt hàng 7,164542,4
Mặt hàng 7,164542,1
Mặt hàng 7,164542,1
Mặt hàng 7,164542,3
Mặt hàng 7,164542,1
Mặt hàng 7,164542,1
Mặt hàng 7,164542,2
Mặt hàng 7,164542,2
Mặt hàng 7,164542,5
Mặt hàng 7,164542,1
Mặt hàng 8,164771,1
Mặt hàng 8,164771,3
Mặt hàng 8,164771,3
Mặt hàng 8,164771,1
Mặt hàng 8,164771,1
Mặt hàng 8,164771,3
Mặt hàng 8,164771,2
Mặt hàng 9,195683,1
Mặt hàng 10,155299,1
Mặt hàng 10,155299,1
Mặt hàng 10,155299,2
Mặt hàng 10,155299,1
Mặt hàng 10,155299,1
Mặt hàng 10,155299,1
Mặt hàng 10,155299,2
Mặt hàng 10,155299,1
Mặt hàng 10,155299,3
Mặt hàng 10,155299,2
Mặt hàng 10,155299,3
Mặt hàng 10,155299,1
Mặt hàng 10,155299,1
Mặt hàng 10,155299,2
Mặt hàng 11,198325,1
Mặt hàng 11,198325,2
Mặt hàng 11,198325,2
Mặt hàng 11,198325,4
Mặt hàng 11,198325,1
Mặt hàng 11,198325,1
Mặt hàng 11,198325,1
Mặt hàng 12,161242,1
Mặt hàng 12,161242,2
Mặt hàng 12,161242,1
Mặt hàng 12,161242,1
Mặt hàng 12,161242,2
Mặt hàng 13,190480,1
Mặt hàng 13,190480,2
Mặt hàng 13,190480,1
Mặt hàng 13,190480,1
Mặt hàng 13,190480,1
Mặt hàng 13,190480,1
Mặt hàng 13,190480,2
Mặt hàng 13,190480,3
Mặt hàng 13,190480,1
Mặt hàng 14,136094,7
Mặt hàng 14,136094,2
Mặt hàng 14,136094,2
Mặt hàng 14,136094,6
Mặt hàng 14,136094,2
Mặt hàng 14,136094,2
Mặt hàng 14,136094,2
Mặt hàng 14,136094,3
Mặt hàng 14,136094,6
Mặt hàng 15,134748,3
Mặt hàng 15,134748,1
Mặt hàng 15,134748,3
Mặt hàng 15,134748,3
Mặt hàng 15,134748,7
Mặt hàng 15,134748,4
Mặt hàng 15,134748,1
Mặt hàng 15,134748,4
Mặt hàng 15,134748,1
Mặt hàng 15,134748,1
Mặt hàng 15,134748,2
Mặt hàng 15,134748,2
Mặt hàng 15,134748,1
Mặt hàng 16,164275,1
Mặt hàng 16,164275,4
Mặt hàng 16,164275,3
Mặt hàng 16,164275,6
Mặt hàng 16,164275,6
Mặt hàng 16,164275,2
Mặt hàng 16,164275,1
Mặt hàng 17,129132,1
Mặt hàng 17,129132,1
Mặt hàng 17,129132,2
Mặt hàng 17,129132,1
Mặt hàng 17,129132,1
Mặt hàng 17,129132,2
Mặt hàng 17,129132,1
Mặt hàng 18,163186,3
Mặt hàng 18,163186,5
Mặt hàng 18,163186,1
Mặt hàng 18,163186,4
Mặt hàng 18,163186,2
Mặt hàng 19,106368,4
Mặt hàng 19,106368,2
Mặt hàng 19,106368,3
Mặt hàng 19,106368,6
Mặt hàng 19,106368,2
Mặt hàng 19,106368,2
Mặt hàng 19,106368,10
Mặt hàng 19,106368,1
Mặt hàng 19,106368,1
Mặt hàng 19,106368,11
